epoch,ae_loss,rec_loss,commit_loss,vq_loss,lpips_loss,wasserstein_loss,d_loss,g_loss,perplexity,codebook_utilization,quant_1,quant_2,quant_3,quant_4,quant_5,quant_6,quant_7,quant_8,quant_9,quant_10
1,0.7907628832937597,0.20697838750296024,0.00682701138803401,0.029014798300852487,0.5434919520393833,0.11041393140569711,0.0,0.403575069574646,4682.518245710995,0.832257057720925,0.29645381294764006,0.24108453927350132,0.19592269518218197,0.1628490296557491,0.14195227947754738,0.12395347263186406,0.10048748468195562,0.08460754275513001,0.06931370435343993,0.029014798300852487
2,0.6078873694816351,0.15820067078420968,0.007197865765992102,0.030590929483292086,0.4103803118288299,0.10582875364866012,0.0,0.40789278075371904,5741.70381896749,0.8944722269917582,0.28015971202880907,0.23041318294220356,0.1927620827496707,0.16546153481845016,0.14770334173034835,0.13143600085443194,0.10826014904748826,0.09222963227184264,0.07611942430446436,0.030590929483292086
3,0.5293532304274731,0.1374552159300654,0.007500519338080953,0.0318772072320456,0.351839059875125,0.10727802560333805,0.0,0.4058022876253058,6063.486020489927,0.9092159061641484,0.274847262044311,0.22975021589806666,0.19486251934653237,0.16860975679897128,0.15118800124133025,0.13485668169764373,0.11147085817414762,0.0953467421561152,0.07910269105827415,0.0318772072320456
4,0.479507952382713,0.12457684095907998,0.007462620324090178,0.031716136394866874,0.31608970425067806,0.10335218057636814,0.0,0.40233216202739397,6223.716161036229,0.9150198353079212,0.2658590991254691,0.22817945166494383,0.19584108013045656,0.16954067382183705,0.15164847424997516,0.1347833755443166,0.11100333515595603,0.0948203523326051,0.07867674448360236,0.031716136394866874
5,0.4464371756210432,0.11665654085549243,0.0074329765090521,0.0315901500756269,0.29158099110309893,0.10131672259433802,0.0,0.39981575812393927,6385.724123776614,0.9186883164849473,0.2731636764802339,0.23628845199560508,0.20195406961899537,0.17273990747146992,0.15304339472409134,0.13511048767702047,0.11067210556768672,0.09426366447747409,0.07812671891444332,0.0315901500756269
6,0.41161671892190593,0.10723994668204706,0.007348398194433405,0.031230692236578508,0.26729282562112633,0.09789375988118378,0.0,0.4024892021448184,6514.892673813816,0.9221983968993246,0.28478054249242984,0.2445711197925138,0.20672844557753411,0.17489846621131722,0.15367693519526784,0.13479066851647784,0.1097592508263422,0.09318459291870777,0.07709499126498079,0.031230692236578508
7,0.38049051258371863,0.09871743076341057,0.007240059342057932,0.030770252107373088,0.24606078775811108,0.09370076850111231,0.0,0.40276030884994257,6609.527436755952,0.9251624027014652,0.2899586079649,0.24828073608897108,0.20866086434968661,0.17562061310796948,0.1535641794730892,0.13401374758490714,0.1085638879037602,0.09189139028171917,0.07592381756657209,0.030770252107373088
8,0.36056138531410653,0.09365089677083187,0.007117217523472268,0.03024817439266941,0.2324172377640948,0.09006723936224159,0.0,0.39821030576150496,6679.170382433322,0.9269342108087225,0.29388940781900735,0.2513573705440476,0.21057767164467017,0.17626840929626983,0.1533403516961978,0.133106451577101,0.10725115474327143,0.09054237000998996,0.07470558127968302,0.03024817439266941
9,0.3471577165873496,0.09050196166331079,0.0070205757952203135,0.029837447051436473,0.22309206349727434,0.0873069524860535,0.0,0.4020866538797106,6730.882476247711,0.9282095772879464,0.2967919289738267,0.2542911999118634,0.2126068515709905,0.17707366938446903,0.15329014226084664,0.13248176055349709,0.10629207552188918,0.08952692750118155,0.07379875403757279,0.029837447051436473
10,0.3368641283813414,0.08824246365836252,0.006940767837640567,0.029498263364555417,0.2157773636690863,0.08518831147351763,0.0,0.399356959940313,6781.076449998569,0.9293277726505266,0.30043150664685847,0.2576867841702678,0.21502504066560732,0.17826554258336952,0.153616383316971,0.13221681752538944,0.10562592286330003,0.08876379164474787,0.07309874608403161,0.029498263364555417
11,0.32815505744336726,0.08618580455799679,0.006872196921451024,0.029206836787171852,0.2097999055088658,0.08317846435057374,0.0,0.3997940766614872,6805.378899989984,0.9298756358387706,0.30236401788262657,0.2596482318235841,0.21632286524161315,0.1786427196565565,0.1533797766481127,0.13156797495353353,0.10477380560977119,0.08793751986854242,0.07239248471900875,0.029206836787171852
12,0.3207177006172173,0.08440243808941526,0.006788495062396695,0.02885110393821538,0.20482010609937676,0.08122411870394215,0.0,0.4003447676316286,6844.709112258184,0.9304489862351191,0.30502895028381555,0.26191142144111484,0.21776954936129705,0.17916694182506848,0.15327394764611135,0.13103422904625917,0.10398861375593003,0.08710378509410571,0.07162874711220299,0.02885110393821538
13,0.3145105447415467,0.08305893448137101,0.006704457503344331,0.02849394433718898,0.20059969486334386,0.0793741141401586,0.0,0.3992489706793111,6868.823190318796,0.9308912116529304,0.3069053168916877,0.26364473425425017,0.21893953799437255,0.17957123429019808,0.15311209832901482,0.13047943669524822,0.10321470059372567,0.08630976708599063,0.07090944300777528,0.02849394433718898
14,0.3104342221667915,0.0821914227181302,0.006666569596995691,0.028332920724546518,0.19777532241174153,0.07822526091429995,0.0,0.3993585548558078,6892.464393028846,0.9313787104009272,0.30905866295426754,0.2656601722805928,0.22038062781968834,0.18030477107772025,0.1533249272477059,0.13030738982580084,0.10281478763718307,0.08587094033375764,0.07052178337706096,0.028332920724546518
15,0.30640287680940315,0.08141933402026093,0.006635936639773158,0.028202730616479568,0.19478364065016582,0.07744055859498926,0.0,0.4016230436580958,6904.342224344666,0.9313139863066621,0.3109017163515091,0.2672341756331615,0.22148103709076786,0.18084197772509886,0.15349489581453932,0.13020575657868996,0.10256200604440965,0.08557798661591806,0.07025015131048448,0.028202730616479568
16,0.3029841573247106,0.08050353661343292,0.006586006403330973,0.02799052726682071,0.192675449690976,0.07629954397350877,0.0,0.39873087580824074,6914.920233981513,0.9316347003419757,0.3121559109006609,0.26845393234338516,0.22224923433401647,0.1810362051094408,0.1532827901752877,0.12974358310465847,0.10199545730492134,0.08501533605840617,0.06976705221902757,0.02799052726682071
17,0.2996069101732729,0.07989831160985943,0.006544698489447817,0.02781496854028204,0.19025685237004206,0.07526603816657057,0.0,0.40206051151176075,6933.00982822516,0.9318445226648352,0.3133525597852665,0.2696343574659292,0.2231110487774615,0.181389294783056,0.15332256456762006,0.12953485967420833,0.1016210135440905,0.08461335106264978,0.06939069927421027,0.02781496854028204
18,0.2967721050803041,0.07932112963645013,0.006536096861524569,0.027778411672993022,0.18810991568988933,0.07492718872897354,0.0,0.3943932376829259,6937.795757139996,0.9319580972413004,0.31400840797703783,0.27034975301760894,0.22371221879572223,0.1817600694604409,0.1535063248687175,0.12957022124867298,0.10154735554869358,0.08450325166349446,0.0692892863036512,0.027778411672993022
19,0.29439311073376584,0.07873144030789316,0.006512746118493514,0.027679170949227644,0.18654116071187532,0.07427375264902474,0.0,0.40007357610450994,6950.547522464514,0.9321111322759272,0.31480051571632917,0.2711258378603083,0.2242892739591581,0.18204631061453522,0.15357942488931475,0.12947389670398646,0.10136505636649254,0.08430943998334171,0.06911985610267181,0.027679170949227644
20,0.2926196374626823,0.07836387747209587,0.006487626022055417,0.02757241055983436,0.18532577787454313,0.07372657919213885,0.0,0.39556041021486776,6952.119966947115,0.9322213532723786,0.31511212972712604,0.2713827982599482,0.22435149665062243,0.18187978511655722,0.15332741213914675,0.12916781433991023,0.1010765797380126,0.08404161954373666,0.0688802597450686,0.02757241055983436
21,0.2900924739929346,0.07774748972484044,0.006482551644484584,0.027550844444924002,0.1835044102245198,0.07344631231884598,0.0,0.39718062760847395,6958.536780277014,0.9324412363352793,0.3155855325770465,0.271860933975204,0.22478363229023232,0.18213185425097253,0.1534246699713962,0.12916927975721848,0.10099398758221459,0.08395097131803358,0.06880262054694004,0.027550844444924002
22,0.2884810896037699,0.07746573852804992,0.006469474511814641,0.02749526664792072,0.18229455105114334,0.07309283466238678,0.0,0.4027183249647364,6970.024116264594,0.9323106702867445,0.3161336849460672,0.2724507933571225,0.22519302949473097,0.18233718149937117,0.15348009563191034,0.12910198555379124,0.10086771006603817,0.08381406538488664,0.06867367742180606,0.02749526664792072
23,0.2874508495186711,0.07735140365122002,0.006462842833264407,0.02746708196802781,0.18146083337483387,0.07284208866102355,0.0,0.3960089737569893,6961.801519037603,0.9322566776485234,0.31565183914188066,0.27212163661316635,0.22492202065694025,0.18209469599492384,0.15327798214915034,0.12891894965108497,0.10074672184802674,0.08373395829792424,0.06861569954171068,0.02746708196802781
24,0.2859842001081823,0.07698410110814231,0.006450313768578154,0.027413833463366653,0.1804688810865521,0.07252795773902874,0.0,0.4009232976279416,6960.294430016598,0.9323316860548306,0.3162607742207391,0.272482947743201,0.2250228851160287,0.1820652939570256,0.1531328891878163,0.12875626814780217,0.10059460425824472,0.083599057498869,0.06850834630238704,0.027413833463366653
25,0.2846926526326836,0.07659892372159294,0.006435621534081878,0.02735139148466753,0.17969507844129326,0.07213748993536273,0.0,0.39827089661206955,6967.748516376202,0.9324371002532623,0.3157340392961607,0.27207733125804545,0.22475927462289622,0.1818237773009709,0.15293715943346967,0.12854673900392466,0.10040871677544964,0.08344229243886776,0.0683779309370688,0.02735139148466753
26,0.28333945687000567,0.07629220472860249,0.0064405160120282415,0.02737219295986406,0.1786242316548641,0.07220159316155718,0.0,0.39646459777494925,6972.706847026671,0.9324046823131296,0.315432968157115,0.2719249291406883,0.22467693091530502,0.18186138504809077,0.15303502870457514,0.12866057215374468,0.10049876827241737,0.08353566813654516,0.0684512174746274,0.02737219295986406
27,0.2820555467854489,0.07607530303053804,0.006430985906669672,0.02733169013682084,0.17764249932525794,0.07195069449834335,0.0,0.4025413613670912,6968.832117101649,0.9324265923692193,0.31490046855730885,0.2714628912099115,0.22429696950829509,0.1815281977583637,0.15277364885523206,0.12843505113006948,0.10034593155150448,0.08343303142176879,0.06839230199491148,0.02733169013682084
28,0.28150587542589767,0.07590612530326232,0.006427961298445369,0.027318835504107422,0.17729097345482298,0.07186472207826354,0.0,0.39897123754242836,6969.380367516598,0.9325598412817651,0.3147392789850305,0.27117436081716867,0.2240404726275594,0.18136567644256374,0.1526586440402073,0.12835794208305223,0.10031099112588407,0.08342925782550822,0.06839034470964919,0.027318835504107422
29,0.2802890290816625,0.07556039635296706,0.00643381059268701,0.027343694970093587,0.1763917068531225,0.07193807898696526,0.0,0.39912344411615924,6972.639203082074,0.9327198070484203,0.3141202044574332,0.27084055300051474,0.22385941606847357,0.18128877635294702,0.15265863285069065,0.12838614427726783,0.10037114763216222,0.08350005002194272,0.06845124040631366,0.027343694970093587
30,0.27996016577595756,0.07549601409843554,0.00641620922458423,0.02726888916226643,0.1762308474534597,0.07165427644474384,0.0,0.3999453721356479,6968.921385824462,0.9326638022621909,0.3137086007075432,0.2703816776365151,0.22334436687466863,0.18081832104004347,0.15226007836969782,0.12805953718749158,0.10013299641427977,0.08334311857928724,0.06834472844124714,0.02726888916226643
31,0.27845560052456,0.0750265267605965,0.006425822762629161,0.027309746713456,0.17514336455763477,0.07179531553289392,0.0,0.3935339007076326,6974.921902722928,0.9328317048348786,0.31312441438327343,0.26986631139730793,0.22306840094454558,0.1807327621476554,0.15230223359096617,0.12811112255130933,0.10019311995242104,0.0834196741818945,0.06843662927875589,0.027309746713456
32,0.27840818816816415,0.07509210001636338,0.0064110496463492895,0.02724696100167521,0.17512661409683716,0.07152623933613737,0.0,0.3941481746050901,6971.540902944712,0.9327559139265682,0.3128209967752953,0.2694872369095956,0.22265404356377466,0.18038848762983803,0.15202081500938086,0.12787977454590274,0.10000826537117853,0.08328808124958377,0.06833332894376783,0.02724696100167521
33,0.27826613722703397,0.0750960257491131,0.006416390277274744,0.02726965872809673,0.17496785248592223,0.07155016358027529,0.0,0.3986275180792197,6977.3817465086995,0.9329719962654534,0.31273425062060795,0.2693973234667009,0.22264994448903716,0.18044532726317536,0.1521188204923829,0.12795375182460517,0.10005967387240448,0.08335736737801479,0.06841575611560118,0.02726965872809673
34,0.27771652951127007,0.07503582705016974,0.00638856651472958,0.027151407636429144,0.17464557380139173,0.07109044439708576,0.0,0.39958649759109205,6986.355594844608,0.9329387958233173,0.3120486067655759,0.26908117126086695,0.2224181497217098,0.18031036815582177,0.15198972177156161,0.12773962292970317,0.09980906799926863,0.08312770720202844,0.06821838249844728,0.027151407636429144
35,0.2765466742790662,0.07461190238704175,0.006351663717392818,0.026994570752012205,0.17413528975877132,0.07043411515844174,0.0,0.3976820404931303,7002.011394123455,0.9331594613882211,0.3119914821543536,0.2690654517912166,0.22241962264418166,0.1802055130238498,0.15183427580546982,0.12749516096088911,0.09945250570009916,0.08276595793418833,0.06789215173121992,0.026994570752012205
36,0.2766913313677896,0.07476133887311477,0.006368622658842486,0.027066646317777398,0.17402741416688366,0.07071841117199305,0.0,0.39612999361949963,7002.652113917983,0.9331412402701466,0.31223784327070353,0.26929242723372393,0.22272701269431866,0.180616757890462,0.15226003576766003,0.12787192635538377,0.09973661036609294,0.08298494912438341,0.06806575477587216,0.027066646317777398
37,0.27518940654211427,0.07440743753652433,0.006324404811370613,0.026878720354084132,0.17316536725440743,0.06991992226968972,0.0,0.39764779467722433,7015.593375293326,0.9331642681862409,0.3116977803218059,0.2690376339159606,0.22249914430109136,0.18033065548637411,0.1518908721077573,0.1274625869269991,0.09930631489707874,0.08257200186833358,0.0677075555868747,0.026878720354084132
38,0.27523237747914625,0.07449423966608641,0.006333823417289517,0.026918749444377728,0.1730334922234654,0.07018043600950703,0.0,0.3975305574171709,7014.33785485348,0.9332061879364125,0.3122529666939061,0.26932071482305564,0.2227237589739181,0.18054613642967665,0.15208805319699611,0.12761705682609545,0.09943577662219495,0.08269185514185891,0.06780515274121648,0.026918749444377728
39,0.27517665674289066,0.07441192183084104,0.00633263811912565,0.026913711903514444,0.17308701408324223,0.07009483244774979,0.0,0.39740126102398604,7018.637239225618,0.9333395486349588,0.3122800430862895,0.2695473999385432,0.22295450430104147,0.18075254262039514,0.1522090868144245,0.12766645327483342,0.09946086331383212,0.08272064458101223,0.06783466867338388,0.026913711903514444
40,0.27423470923097143,0.07420742000033567,0.006317891820159915,0.02685104019516881,0.17247127225765815,0.06974076383470834,0.0,0.39619070897390557,7021.1131426353595,0.933251461266598,0.31290260601393033,0.27003346451800386,0.22316954918069282,0.18071416637181362,0.15202373241657738,0.1273844914285691,0.09919758071447467,0.08249874679105622,0.0676681043600643,0.02685104019516881
41,0.2730606088599006,0.0739362352551558,0.006306398981472566,0.02680219557381921,0.17163863426053916,0.06954673348137966,0.0,0.3963269465244733,7020.5113190032625,0.9334798400655334,0.3126805881550024,0.26987164437552513,0.22303771552367088,0.1805884184472727,0.15185680163976473,0.1272188304162724,0.09902642150119548,0.08235071454838519,0.0675491234594649,0.02680219557381921
42,0.2741081862822994,0.07426168122789362,0.006351746830256868,0.02699492393818858,0.1720463405653234,0.0704361003151525,0.0,0.39911423028607074,7014.02982987065,0.9331853957403273,0.31156429440983924,0.26923880322184757,0.22291911407049758,0.1808375085502754,0.15230388210697487,0.1277276594669391,0.09953834383915632,0.08284578838082024,0.06799072851409842,0.02699492393818858
43,0.27262622658367996,0.07382819948943106,0.00632618730563684,0.026886295943415208,0.17118074750398105,0.06991594071899142,0.0,0.39978021683492065,7010.800416380494,0.9332076411544185,0.3105337155825926,0.26839409525687,0.22219134133049856,0.1802937598837601,0.1518739076542767,0.1273699277677597,0.09921613852783437,0.08256308735781537,0.06776450386086663,0.026886295943415208
44,0.27253461203404833,0.07387599197554064,0.006336999910409416,0.026932249657618694,0.1709780812863902,0.07008895944571976,0.0,0.3978434565576005,7012.190875937214,0.9332346933665293,0.3108220777777962,0.268549786901081,0.22232193033118824,0.18046912447218494,0.15207335688583143,0.127558579375019,0.09936261077448999,0.08267903618596412,0.0678637304271643,0.026932249657618694
45,0.2718015975240386,0.07367351008476791,0.006313847663604242,0.02683385246989382,0.1706469559516662,0.06950530261074231,0.0,0.39630175761250785,7011.303317450778,0.9332204965444711,0.3105310394868746,0.2681901575008155,0.22189640111866452,0.18008328261938725,0.15173498865885612,0.12723114772703184,0.09907322723568578,0.08241508396226407,0.06764625811151095,0.02683385246989382
46,0.2714823924632736,0.0736303638953429,0.006324325482644168,0.02687838324601506,0.1702886706579736,0.06974271791321891,0.0,0.3940045845868823,7016.693837819082,0.9331963507683723,0.31058391492008725,0.26821745967581156,0.22195177560760862,0.18014327070979408,0.15177724425827627,0.12728548565736184,0.09914877871563146,0.08250460156918446,0.06772418588318013,0.02687838324601506
47,0.2718684266938831,0.07374702104718694,0.006328232942026231,0.026894989860117874,0.17051044974353288,0.06988770121046693,0.0,0.39888025929421295,7017.58339772207,0.9333364186269459,0.31089850097567173,0.2687113941971199,0.2224062428751708,0.18051744088694288,0.1521072309914526,0.12754518672441825,0.09930819364421534,0.08261800216231154,0.06780206021808442,0.026894989860117874
48,0.270547452099594,0.07331997469995484,0.006307802035988414,0.026808158607109563,0.1697716196050574,0.06944221425323914,0.0,0.4022308204855238,7025.792832818223,0.933341560782967,0.31107794026752095,0.26883885518207656,0.2224066789115305,0.18041644671133586,0.1519567961275796,0.12734480926787461,0.09907749075538073,0.0823872739196697,0.06759445401311139,0.026808158607109563
49,0.2701459873617787,0.07323911271634556,0.006304152199022826,0.026792646791690435,0.16950049316817586,0.06929007009517797,0.0,0.3962845389113758,7017.504557291667,0.933331052898924,0.3101907064626505,0.2680975968911971,0.22175652675685428,0.17988928879573668,0.15158069256570314,0.12709819020587446,0.09896294217242863,0.08233103757867447,0.0675728021482954,0.026792646791690435
50,0.2698002145949738,0.07322077825665474,0.0063011731838145645,0.02677998598664999,0.1691935250719825,0.0692322625618278,0.0,0.3965835304923983,7018.125957782452,0.9333896287631639,0.3096850452187297,0.2676674200174136,0.22153531375167135,0.1798207651782822,0.1515415364078113,0.12706378135052357,0.09893593766586685,0.08232267281456744,0.06757084092623367,0.02677998598664999
51,0.26965180107634584,0.07319317275023722,0.006296025598489922,0.026758108704245134,0.16908318407478787,0.06921539036045363,0.0,0.3961896748988183,7031.743255279876,0.9334700028974932,0.3095130884385371,0.26779649622274404,0.2218773278506684,0.18027873702974984,0.15197781923708026,0.12738522674356187,0.09906233767995905,0.08234410917202195,0.06755091607461482,0.026758108704245134
52,0.2688559990771961,0.07306176829305323,0.006280517811126216,0.0266922006397184,0.16849717787115565,0.06900836272172002,0.0,0.39790332371935305,7043.786579062214,0.9335059979896405,0.3102063891433534,0.26831149648288233,0.22216034200274465,0.1804046005883933,0.15198719004789987,0.1273162811312265,0.0989194668611109,0.08218334688917621,0.06739900426959598,0.0266922006397184
53,0.2683332663152244,0.07298852602913702,0.006266886150914725,0.026634266095119954,0.16825176450686577,0.06837581392827925,0.0,0.39965396153402855,7044.6189367273355,0.9334672082474816,0.31057659331913834,0.26861834056648143,0.22236782828202614,0.18048631855638037,0.1519482080916782,0.1272186102557095,0.09879659370079145,0.0820360320036883,0.06724708845272606,0.026634266095119954
54,0.2679382507781406,0.07287748701078987,0.006261026929388498,0.026609364412588515,0.16796049885042422,0.06842061959125184,0.0,0.39463688629669147,7055.158808557979,0.9334800636375343,0.3112048897005263,0.26923986101325176,0.22289659552303426,0.18079627793787162,0.1520958945646391,0.127239612023254,0.09878791204138553,0.08201540408881156,0.06721394870689501,0.026609364412588515
55,0.2672290530178573,0.0726663979937087,0.006256798440044671,0.02659139343138252,0.16756076439396367,0.06810750301940974,0.0,0.4022807049882281,7045.296208755437,0.9335374098557693,0.3109262296895841,0.2689745360132539,0.2225957404781174,0.18055605298870211,0.15188346926000093,0.12708260702999521,0.09866308354032345,0.08192332885859213,0.06713490952966196,0.02659139343138252
56,0.2673032455446519,0.07262453274467053,0.006282994374394035,0.026702726034672705,0.16748332363236082,0.06866081413086299,0.0,0.3978954753923766,7041.202463226878,0.9335921849959936,0.3100700330384922,0.26834595165191555,0.22227977786636177,0.18049912828774678,0.15201389284688474,0.12728150906689437,0.09892666113354784,0.08219124764313192,0.06738125868551023,0.026702726034672705
57,0.26706180579605554,0.07258129088487818,0.006276173895777582,0.02667373899820742,0.16731889352147833,0.0685721274547197,0.0,0.39741870542585633,7044.572382776729,0.9335941971440018,0.31064533985359766,0.26881670531554097,0.22262552244104308,0.18074478405517536,0.1521419494143336,0.12731933956727004,0.09888275594010458,0.08212290678323407,0.06731947303336837,0.02667373899820742
58,0.2668705720713724,0.0727509567616405,0.006268322348403625,0.026640369918456662,0.16700897286663124,0.06842967490546215,0.0,0.3974106041612206,7051.649200327667,0.9336052639580472,0.3110854536731601,0.2691968723640337,0.2229407073813917,0.18095661847146002,0.15227682861216338,0.1273497451547083,0.09883705504757144,0.08206304260990122,0.06726408000667017,0.026640369918456662
59,0.2652974218512193,0.072159115702678,0.006233807080067121,0.026493680008410753,0.1662761636433147,0.06772214867474832,0.0,0.3963526379276108,7055.518340952667,0.9334141098972641,0.3107141586559596,0.2689524565315072,0.22268698312642374,0.18067138437386399,0.15196661806696063,0.12701860841213566,0.09849029138083859,0.08172224826373897,0.06696748126966831,0.026493680008410753
60,0.26604482389631723,0.0724119140251434,0.006261580216872332,0.026611715790580262,0.16657846650251976,0.06826594392786096,0.0,0.39374644541260084,7058.465882018372,0.9335150526556777,0.310495851459084,0.2689190088283448,0.2228361887536643,0.18091736747559173,0.1523298075620508,0.1273965713032436,0.09880754369355384,0.08201868586487822,0.06722559457160396,0.026611715790580262
61,0.2655168135578816,0.07225842937663361,0.006237074312320723,0.026507565826723426,0.16638427517025461,0.06775060035424792,0.0,0.40041283466222083,7065.378065619277,0.9335290259057349,0.31042089419705526,0.2689500410150696,0.22283021524384783,0.18093440665321037,0.15232473832892848,0.1273235763003538,0.09863153606271133,0.08180795740950239,0.06701982780717887,0.026507565826723426
62,0.26502643604745796,0.07218053271045614,0.006233649554358789,0.02649301066721752,0.16595559190590303,0.06781659784962188,0.0,0.40146732794277834,7075.320027222127,0.9336662991142972,0.31069531665616856,0.2693144699811062,0.2231889361645276,0.18123826458231435,0.15257124534565888,0.12749735944164106,0.09870435354801324,0.0818090079277208,0.06699579337359349,0.02649301066721752
63,0.26442442414088124,0.07205079326699505,0.006214322031888387,0.02641086857220083,0.1656457584474113,0.06734277683927681,0.0,0.39494626447831316,7080.803385416667,0.9337334825005723,0.31178285852893367,0.270318865339398,0.22387537764105606,0.1816209125376883,0.15265555417799687,0.12741931035241363,0.09853590367150394,0.08159444497509317,0.0667862274271228,0.02641086857220083
64,0.26404421443576775,0.0720011161114925,0.006207459403249698,0.026381702445474737,0.16539174885976882,0.06711172070285995,0.0,0.3946749795596678,7080.884796030792,0.9336544497982486,0.3124751688796522,0.27084074374083633,0.22424186086589162,0.18184176081921155,0.15273939900018357,0.1274379350299582,0.09851199253411083,0.08156243545231802,0.06672971326543953,0.026381702445474737
65,0.2639793601064455,0.07195423243246672,0.006206584752336035,0.026377985212992835,0.165373037422533,0.06711725011167727,0.0,0.3977941910534988,7082.535648108402,0.9336390233301854,0.31233384495689753,0.27083831496072774,0.22422203257843687,0.18181136681701673,0.15270906542137866,0.12740747521430146,0.0984953047755437,0.08155725878619012,0.06673705219649352,0.026377985212992835
66,0.26337373098392625,0.07196852756534522,0.006178451356590613,0.0262584181966417,0.1649644008049598,0.06651142592313307,0.0,0.3966832914741048,7084.702065268716,0.933697487408425,0.312936157479391,0.2711799268648301,0.22440472433527747,0.18180502637292875,0.1525886724174241,0.1271697380221807,0.09818112938886597,0.08124002298483482,0.06646404536133939,0.0262584181966417
67,0.2635726634508524,0.07201870641374326,0.006186819512519863,0.026293982860833516,0.16504797071982652,0.06669941595704346,0.0,0.39669112593699724,7100.892934051625,0.9339715866815477,0.3131748568880689,0.27127929239264337,0.2245580384255329,0.18202310535824778,0.15279413467689312,0.1273322686307378,0.09830571204805985,0.08133815680613447,0.06655346039996479,0.026293982860833516
68,0.2626502009811419,0.07167370134330057,0.0061764867435594945,0.026250068616845233,0.16452955238985054,0.06653878648147915,0.0,0.39814252092506425,7100.753713083791,0.9338524228050595,0.31290201668119255,0.2711873085616709,0.2245403651298184,0.18199387883201187,0.15278617549182733,0.1273024721623777,0.09823009790682094,0.08125500232254193,0.06646794372753347,0.026250068616845233
69,0.2624007366570361,0.07154067653494003,0.006180847194148125,0.026268600496453243,0.16443478643566697,0.06645127901664147,0.0,0.39953430204382745,7104.177629743303,0.9341163495521405,0.31265647114414874,0.27100478702194086,0.22437449449147934,0.1818498255405234,0.1526624397152946,0.12724872258229133,0.0982258311121455,0.0812737544923475,0.0664980394199436,0.026268600496453243
70,0.2622102805218854,0.07156365633611278,0.006176167949795341,0.026248713750596883,0.1642214705546697,0.06646725395523803,0.0,0.39966714532274905,7106.088031922504,0.9339594020074977,0.31231169730097386,0.2707871507594,0.22421689942861214,0.18180213011664786,0.15269651056536826,0.12730335886334324,0.09825166179747372,0.08127125307590097,0.06647785111661358,0.026248713750596883
71,0.26171022203269895,0.07146742334077646,0.006166719528761157,0.026208557939027256,0.16390238721401262,0.06621785016368816,0.0,0.398510553925247,7095.082242301969,0.9336813902243589,0.3124157958305799,0.27072578029973166,0.2240497229463888,0.1815987495166478,0.15252200284829506,0.12718231907803498,0.09816576468147638,0.08119309903719486,0.06639202390780378,0.026208557939027256
72,0.261895484376303,0.07154827809213718,0.006173467981687068,0.026237238894452106,0.16397346356958697,0.0663053353177213,0.0,0.39691842923234233,7106.770748375973,0.9339496766254579,0.3132315709259047,0.2714727317893898,0.22458669005623666,0.18193294923929942,0.15275206640635655,0.12729308683247792,0.09822690609719727,0.0812377936237461,0.06643536280936156,0.026237238894452106
73,0.2611038842589864,0.07138290010638289,0.0061542985674280385,0.02615576886977905,0.16347068545473364,0.06596094837255312,0.0,0.3987677205940743,7118.028483072917,0.9340719705099588,0.31443382570376766,0.27259985884248994,0.225558445867383,0.18262366202724722,0.15312574866599651,0.1274258931450573,0.09816036377470572,0.08108341962699489,0.06626777649062239,0.02615576886977905
74,0.26050236373593955,0.07122953125572466,0.006124237658039772,0.026028009960530223,0.16322154041393336,0.06540280721754163,0.0,0.3962778856247773,7130.395777887477,0.9340330689817995,0.31482274229928253,0.273044867338715,0.22593033351959327,0.18280363096531493,0.1531089627808267,0.1272427662934139,0.09787789415636342,0.08077754111680792,0.06598658856318329,0.026028009960530223
75,0.2599943967420103,0.07118664541360223,0.006106044795200392,0.025950690301565025,0.16289363776916985,0.06500921979028008,0.0,0.39534281003169525,7139.868095202323,0.9340828137520032,0.31628391495991104,0.27429146338731814,0.22681501232114903,0.18333420692346034,0.15331853857953034,0.12722450279163353,0.09772317586364326,0.0805846121394154,0.06579652337882763,0.025950690301565025
76,0.2598460588208485,0.07116048934531737,0.0061271682896757084,0.026040465223019595,0.16265007509635046,0.06533989202463146,0.0,0.39665656222965257,7132.568159054487,0.9340803544599932,0.31605291519409573,0.2743105261753767,0.22707467752716917,0.18364892310493594,0.1536416768099799,0.1275256308334651,0.09799002568090792,0.0807986849229851,0.065972419646688,0.026040465223019595
77,0.25892062258698567,0.0709249199924124,0.006111340100054831,0.02597319543525413,0.1620983878771464,0.06493468991320431,0.0,0.3974199951677532,7129.715516254579,0.9341558100103022,0.31559622506082274,0.273690809969937,0.22648069914771524,0.18317003556332745,0.15323841869285254,0.127176488057161,0.09772392576594492,0.08058020261017394,0.0657996992092757,0.02597319543525413
78,0.2589919328853324,0.07093621879106476,0.006111667109414553,0.025974585142518793,0.16217716884263705,0.06487098078315075,0.0,0.40090549063114894,7123.216179816278,0.93393067300538,0.31598000070114274,0.2739170568657445,0.22654662491419378,0.18310138766036366,0.15309517500383077,0.12703892220180113,0.09765647159336688,0.08056750302731773,0.06579488624337611,0.025974585142518793
79,0.25932899513196594,0.07095518511730237,0.006146055602744877,0.02612073620910937,0.1622249466049802,0.06565167877018015,0.0,0.3990212613955522,7116.800387763278,0.9338690789191277,0.31561868127449094,0.27369987069468793,0.22652314652453412,0.1832611240146361,0.1533743618499665,0.1273841561387965,0.09803209331009415,0.08093925677376353,0.06612887267610092,0.02612073620910937
80,0.2594515989387865,0.07097039546394524,0.0061670561660517815,0.026209988692713963,0.16219522340066267,0.0660352363309144,0.0,0.39801836706998145,7112.644820999313,0.9339664445255266,0.31491603655911193,0.27307133807804124,0.22606663198479804,0.18305179736007265,0.15331077103540575,0.12742143559641453,0.09816353321894185,0.0811286955225817,0.0663281951932025,0.026209988692713963
81,0.2584201245408355,0.07072797827013247,0.006127626097832735,0.026042410892335485,0.1616692596521133,0.0652962621274121,0.0,0.3969712781927961,7114.043066227392,0.9338870764652014,0.3136324631425487,0.2719721475909481,0.2251658144069242,0.18237987081537316,0.15283748188189097,0.12700926678957958,0.09775763110090525,0.08074369065927499,0.0659765430859157,0.026042410892335485
82,0.25880205164571385,0.07083174961554262,0.006140300920471931,0.02609627881861759,0.16187345916098292,0.06549841933116153,0.0,0.39659137101400466,7132.124989268544,0.934039328997825,0.31406955399137715,0.27251049483215417,0.22573357776844458,0.18295508093667992,0.15342185891919083,0.12753349443003809,0.09808580356312323,0.08095407270359033,0.06611369379656219,0.02609627881861759
83,0.25846833320873563,0.0707205434230876,0.0061260058140320765,0.026035524682984465,0.16174568653434188,0.06523265578398556,0.0,0.39705182770233016,7137.249171889309,0.9338311834649725,0.3144098462420942,0.2726316318843828,0.22576131895457432,0.1829372573193613,0.1533936770025627,0.12749030829949692,0.09799266564267459,0.08080678315826388,0.06596865268908578,0.026035524682984465
84,0.2580876702736149,0.07066209752781269,0.006117953632313471,0.026001302917716487,0.16150493163874735,0.06498929697870116,0.0,0.40033815850268356,7148.54893543956,0.9340214432377518,0.31571087661461955,0.2736383964181383,0.2264063027533856,0.1832390268207033,0.15347993799618312,0.12747295213105914,0.0979365980177572,0.08072824379081255,0.0658791539337718,0.026001302917716487
85,0.25713030650065494,0.07040009388338515,0.006101498052805334,0.025931366634019567,0.1609558914498095,0.0645591560955886,0.0,0.3958788920234848,7154.697693988954,0.9340040046216804,0.31720354519920907,0.2749760914525706,0.22733093115872952,0.18366093224003202,0.15351122645013063,0.12728662582817096,0.09771546507220129,0.08049638224117485,0.06567603025599059,0.025931366634019567
86,0.2576936145241444,0.07061017840254656,0.006100001295469019,0.02592500546885716,0.16129185095593168,0.06462194314124164,0.0,0.4000502114112561,7153.738952860291,0.9340707408639538,0.31878297669546946,0.2763213257649879,0.22823968614304896,0.18412801904446913,0.1536684873558226,0.1273090895197112,0.09771193477969903,0.08050261055811858,0.06568653938179705,0.02592500546885716
87,0.2568773008582793,0.07049288797864328,0.006090182898013474,0.025883277216346274,0.16069330796326473,0.06432137625366995,0.0,0.39848278359179096,7146.632344787374,0.9340415647178343,0.31923273031091515,0.2767460693369855,0.22848955533661686,0.18427093100525957,0.15367010265807093,0.12718081861843555,0.09755292072237193,0.08036379974621993,0.06557673059622228,0.025883277216346274
88,0.255861470359804,0.07013280244864824,0.006070178502747591,0.025798258603628957,0.16017087071369857,0.06394703194990263,0.0,0.4010978668600648,7151.244966947115,0.9341213799221612,0.3200479286821771,0.2772396582386869,0.22873721203524552,0.18430807621596934,0.1535822426279386,0.12700562087662054,0.09731482213615497,0.08011033922270104,0.06535455879274306,0.025798258603628957
89,0.2558950890442391,0.07029518712953334,0.006078871601557994,0.02583520431003291,0.15998157116519662,0.06411838410729236,0.0,0.39864340342663146,7143.561877575549,0.9340611272679143,0.3193594562810856,0.2768087087424247,0.22840365292606774,0.18408513715961478,0.15349119246661008,0.12701156368349498,0.09738578995341783,0.08019672601650922,0.06542818605790644,0.02583520431003291
90,0.2566957501319302,0.07043953347719197,0.006120489085529804,0.026012078528002504,0.1603653554842149,0.06488115891077362,0.0,0.3982348641305616,7136.88497131124,0.9341827504364125,0.31877393889558187,0.2763954426670249,0.22824493214324282,0.1841942902668055,0.15376083075236052,0.12739173492123357,0.09781355872040703,0.0806402101457774,0.06583659404090472,0.026012078528002504
91,0.25645364346085014,0.07042470967376625,0.0061081153649372825,0.025959490279875177,0.16019879357937056,0.06472206095936316,0.0,0.3972627541302761,7134.399998926854,0.9339401748154189,0.3186945639577977,0.2762247623650582,0.22804684590398175,0.1839954145116247,0.15362198435234062,0.12726040260914045,0.09768770418160565,0.08053207731781861,0.06575570198205802,0.025959490279875177
92,0.274041123906553,0.07168768545537642,0.006127104975944965,0.026040196128789977,0.16160451678129342,0.06498405072606091,0.426431404146956,0.2571523714989817,7123.248968885931,0.9340696230039491,0.3163360446254849,0.2745130973639506,0.22687280890378322,0.18329079700258624,0.15329526572218743,0.1271761665768894,0.09772828446476015,0.08064612020284702,0.06589930832058519,0.026040196128789977
93,0.27052617370536475,0.07773447118617677,0.006225597723165438,0.02645879030063912,0.1709420898785958,0.06695250795656071,1.0011948915846618,-0.022220736686754356,7060.050949376145,0.9338793632311698,0.31165713781402227,0.2706096391210626,0.22396363124196783,0.18158291918890818,0.15257988512625187,0.1272350464139011,0.09838639130140399,0.08152959192847158,0.06679128029216559,0.02645879030063912
94,0.27326131680291216,0.07877501188999131,0.006241343767064941,0.026525710927725057,0.1723380092081133,0.06724265088146422,1.003794136501494,-0.0312936465585493,7042.660117795615,0.9337911640768086,0.31073961977338616,0.2697591680091816,0.22324161329767206,0.18109826536187323,0.1523469581435888,0.12723615101023472,0.09853388729331257,0.08172047475264185,0.0669693221771346,0.026525710927725057
95,0.27318974693507064,0.07886261192761061,0.006274537239633091,0.026666783222812653,0.17163781644332976,0.0678993034289106,0.997179702088073,-0.051705242247153164,7043.616921002175,0.9338532053070627,0.3115531890601902,0.27038764295888035,0.2237027680480873,0.18152483721901647,0.1526913657620713,0.1275903351686813,0.09889057432830116,0.08205099094099615,0.06724763207901747,0.026666783222812653
96,0.2745950316989815,0.07882990621221371,0.0062594954419076,0.026602855617446557,0.1712209552853972,0.0675956871660747,0.9967457641175378,-0.026538491764318217,7049.060275011447,0.9339161408253205,0.31235352365961877,0.2710240404138635,0.2242093868963011,0.181716120996318,0.15270532692199226,0.12749124883295415,0.09877871621004392,0.08192674726957366,0.06713566748978017,0.026602855617446557
97,0.27654317010453333,0.0786369681603961,0.006249336628993843,0.026559680642307678,0.1704706757605731,0.0673434758633921,0.9784362834670168,0.03892926441285087,7054.877598800938,0.934049054379865,0.3127584057849842,0.27128118118305344,0.22438874480488535,0.1817603891804105,0.15261648415209172,0.12734152465349152,0.09862398337095211,0.08178752184514598,0.06702242402066459,0.026559680642307678
98,0.2749597802758217,0.07812537851951498,0.0062345283476110454,0.026496745461782257,0.16944878963214574,0.06694936877177966,0.9578764482295556,0.06243034855517194,7058.387088090945,0.9342182983845582,0.3132908379201924,0.2717459709980549,0.22470041301660923,0.1818759778425807,0.15257752823196488,0.12723008932156876,0.09850203764416796,0.08164829366427638,0.06688265612983442,0.026496745461782257
99,0.2742440192909031,0.07789353304457315,0.006238088549895983,0.026511876332153985,0.16852791006966825,0.0670747654273724,0.9485355740065103,0.08704314048252974,7051.312359596784,0.9341770493503891,0.3131377605837343,0.2715695794576254,0.22448421119551956,0.1816694554446381,0.1524484735869226,0.12713803053448053,0.09848229869545161,0.08166554178564976,0.06690978494237412,0.026511876332153985
100,0.2746993598865939,0.07813704177573487,0.006246648036325589,0.026548254095536447,0.16878317831418452,0.06720887798638571,0.9260579915273757,0.10469364332920665,7042.936664735004,0.93398924886962,0.3130252200277734,0.2713497885854253,0.22435004875445977,0.18161874062521555,0.15242264575355655,0.12714202732066096,0.09852167958523328,0.08173585197318604,0.06699198167157042,0.026548254095536447
101,0.2742710269632794,0.077725009481003,0.006248077032268866,0.02655432736262297,0.16837679119883003,0.06723386774542349,0.9149283773296482,0.13158662636992913,7044.776685554029,0.9341956058264652,0.3122784325054714,0.2709564305159635,0.22409037115809682,0.18141953767219307,0.15229192619031165,0.12706952629399387,0.09851004817819857,0.08176118224149659,0.06702423945833476,0.02655432736262297
102,0.27389553366672426,0.07768042030788604,0.006258728292228265,0.026599595162867407,0.1678965647906174,0.0674188184951033,0.8967654612256494,0.15603254795223287,7037.759378398295,0.9341422839042468,0.31193364190531303,0.27078969099801103,0.22395577800252062,0.1813416410605986,0.15224732627798787,0.12707816681145748,0.09856003027532127,0.08183179585597454,0.06710579389562973,0.026599595162867407
103,0.2736118149025973,0.07759454374239122,0.006269447349400802,0.026645151164805713,0.1676203347333185,0.06747574629364433,0.880994920656358,0.16893417411718362,7040.5465253333905,0.9341231684981685,0.31212269932359127,0.2708427609104813,0.22394595988395014,0.18132326219763076,0.1522902874992444,0.12713883059856657,0.09859992020623588,0.08188753524597311,0.067159393317861,0.026645151164805713
104,0.2732145505455824,0.0773889881050412,0.006254905131184957,0.026583346814572157,0.16726747698290445,0.06725259800015133,0.8626642791561154,0.20673034080047709,7043.775588262649,0.9339928260216346,0.3115458031058748,0.270457923303157,0.2237246572261765,0.18120256726776723,0.15219650237442373,0.1270536004869274,0.09851720769490514,0.08180299761531117,0.06707111991696306,0.026583346814572157
105,0.2732235931760662,0.07745469151399074,0.006264489938099033,0.026624082130526666,0.16708603444007727,0.06745210489865407,0.8451213531550907,0.22979023395896797,7045.083217075893,0.9340120532137134,0.31146246631503544,0.27048224543695487,0.22383998918445994,0.18140056803003773,0.15241241195808836,0.12721517334108826,0.09862443046037093,0.08188253417338207,0.06714916807145645,0.026624082130526666
106,0.2727288155929073,0.07719101018575958,0.006265404592387569,0.026627969552827625,0.1668254664038127,0.06746234576944467,0.8271059183738171,0.256973869690924,7045.982123182806,0.9339426341074291,0.311662372761157,0.27068779718526553,0.22405306768395525,0.18166234903719836,0.15268030208654892,0.12742923294286151,0.09871242951342474,0.08189734087868052,0.0671455809375742,0.026627969552827625
107,0.27160825913314857,0.07691915304614948,0.0062360922804259224,0.026503392130191074,0.16613729644716876,0.0669278999647269,0.8114264386914152,0.2716164400448805,7049.703224265969,0.9340322864797962,0.3116466543285838,0.2705399425693484,0.22382944030857785,0.18139571704707302,0.15239583340647456,0.12712468261465484,0.09840777197054454,0.08161089638923551,0.06688736967960775,0.026503392130191074
108,0.2715282006250633,0.07692470205026669,0.006233253372976413,0.026491326836002617,0.16608721034212426,0.0668501813892589,0.7944359789182852,0.2880177332056156,7048.51512777587,0.9338639367631066,0.3116083710075735,0.2704781959235886,0.22373559184017636,0.1812384001937978,0.1522357879486276,0.12699192756916577,0.0983314702471534,0.08156860638887455,0.06686973792156238,0.026491326836002617
109,0.2717903234037288,0.07697226234026007,0.00627289081739446,0.02665978594045172,0.16598626867537097,0.06759327700559473,0.7703622618874351,0.31426807436256265,7040.718517485119,0.9338746682191507,0.31163165071508386,0.2706501718078341,0.22401169324532533,0.1816176495381764,0.15264449686139495,0.12741859830342805,0.09876256569837913,0.08197352085467223,0.06723433135984799,0.02665978594045172
110,0.2712320687297063,0.07667723897121329,0.00625842867842142,0.026598321867513132,0.1656782478094101,0.0672159951603238,0.7501417841666784,0.36005897235445977,7042.907026241987,0.9338567824590773,0.31151360764608277,0.2704780399799347,0.2238831755060416,0.18146871674410153,0.15250166745740415,0.12726498825045732,0.09861069399140257,0.08183746135387665,0.0671126981344306,0.026598321867513132
111,0.27029919919076856,0.07651219818563688,0.006246839186019731,0.02654906642033067,0.16514019193230095,0.06704107248957777,0.7314434822225745,0.3682940338145312,7048.868359911573,0.9340055696256868,0.31152024210154355,0.270377122766369,0.22380390484909435,0.18143848927466424,0.15251197382098153,0.12725099064273276,0.09853038931395108,0.08173375028175311,0.06700166005081747,0.02654906642033067
112,0.2700300273714048,0.07631018730528626,0.0062387309304946835,0.026514606458227057,0.1649993081669231,0.06689235859383376,0.721640883511676,0.4001628654845223,7054.407534197573,0.9340664929959364,0.3114598499877112,0.27029321924015715,0.2236441581240504,0.18129518527141858,0.15241456195548342,0.12716872380166264,0.09845425394592268,0.081643033881873,0.06691550141398286,0.026514606458227057
113,0.27023619356063694,0.07647504182634773,0.006243099949762717,0.026533174683295545,0.16487248965126255,0.06700997560834274,0.6904393707439577,0.44136797167845204,7055.184727707188,0.9340320629077953,0.3103616971781839,0.2695225640421822,0.22327454074289335,0.18121197140151327,0.15247626029528105,0.12730524997353118,0.09856451953669171,0.08171320838969706,0.06696318188893707,0.026533174683295545
114,0.2693396739033989,0.07609280800590149,0.006235253496518557,0.02649982730370192,0.16440221721872741,0.06676293252506754,0.6715639925428799,0.4765294096586141,7059.883454598787,0.9340192075177427,0.31110501622324027,0.2699429210507389,0.2234351560746357,0.18129751206317665,0.1524729107271184,0.12726804503536487,0.09851681091737398,0.08165997253123657,0.06688352178905037,0.02649982730370192
115,0.2692484376413045,0.07626030113780018,0.006241049790659394,0.02652446157384268,0.16412737774543273,0.06687187410945639,0.6514559919253374,0.5061802988472793,7056.806956308666,0.933880592877175,0.3115808958317334,0.27066810292638704,0.22400049442227507,0.1816176366565865,0.15268985877980243,0.12741644123753348,0.09863105922555312,0.08174071310859024,0.0669428660797003,0.02652446157384268
116,0.2691389148161088,0.07605822849677596,0.006237562172687971,0.026509639250981064,0.16415904697044428,0.06689481404456464,0.6279075724847151,0.5424794090550134,7068.561986678686,0.9341037177340888,0.3122048988228753,0.27102424853887314,0.22427624687825368,0.18179499155981638,0.15272866849934225,0.12738895308458326,0.0985856239612286,0.08169471019462789,0.06690391967748548,0.026509639250981064
117,0.2686443807550402,0.07576306564085213,0.006228318821720697,0.026470354898071986,0.16395468635982646,0.06665612986454597,0.5891037271682159,0.609312093850812,7068.923483824118,0.9340878441220238,0.31286063615655724,0.2717791103618049,0.22486413573170758,0.1820517076459123,0.1527855160199242,0.12731738771983991,0.0984981625917412,0.08159746239200616,0.0668146547626008,0.026470354898071986
118,0.2678549061546396,0.07560409912532502,0.006210206169464485,0.026393376103169098,0.16342124820519716,0.0661871017744908,0.5708833525960262,0.6536050648146523,7073.7162191649495,0.9341800675724016,0.313103355603777,0.271922393759965,0.22490669361182622,0.18199126037595037,0.1526597307878973,0.12715717675266686,0.09830754093361861,0.08140508054104044,0.06663626362825488,0.026393376103169098
119,0.26749193788448095,0.07544444528691498,0.00621032163299511,0.026393866855582912,0.16305416784225366,0.0661996640537903,0.5407585843360467,0.7251361668840794,7068.372504936469,0.9340890737680289,0.3136538787311687,0.27246597163624814,0.22535848642116066,0.18231989301386334,0.15286224559222386,0.1272693099419931,0.09837349564273716,0.08143410048423669,0.06663441021445689,0.026393866855582912
120,0.267525495163032,0.075422577832863,0.006233504035206505,0.02649239209504464,0.1630153843771407,0.06673855696132769,0.528933030645271,0.7501090998593343,7073.102179558722,0.9341628525283311,0.31458867136593704,0.27329343792064725,0.22600361914970937,0.18282182692062288,0.1532489517396623,0.12759324962839538,0.09864305393708932,0.08167887465421096,0.06684714366064404,0.02649239209504464
121,0.2665113797718352,0.07516099800502424,0.006206602771551563,0.026378061738370102,0.1623906828599535,0.06602991634345316,0.49199973532568403,0.8142025551296883,7061.59192207532,0.934161399310325,0.3133410442443121,0.2722004436420434,0.22513507151014203,0.1821294176927853,0.1526696951616378,0.12707470128169426,0.09822124654884304,0.0813324897662624,0.06657041498074383,0.026378061738370102
122,0.2662365559092808,0.07511282386087673,0.006210927483062823,0.026396441669118056,0.1620794471094023,0.06614627933382114,0.4686114218481731,0.8748504516648149,7065.7070088928,0.934116684910142,0.3139268467168668,0.2727297142202601,0.22544555628037716,0.182349851389071,0.1528631186474374,0.12720425828145102,0.09829589691790906,0.08138182280319077,0.06660572180845144,0.026396441669118056
123,0.26569426204367874,0.07490959340508604,0.006201268923417717,0.026355392893182707,0.161788549833682,0.06595789755766208,0.46113045948929404,0.8903494705940723,7068.941671853537,0.9342479216746795,0.3137062349708089,0.27244792261839784,0.2252145421046477,0.1821416933294181,0.15267313913111286,0.12705634691285125,0.09816036171419716,0.08126218756149103,0.06651714816689491,0.026355392893182707
124,0.26604421543223516,0.07492011522144189,0.006232479831115121,0.026488039257079907,0.16184642337835753,0.06660091765088476,0.42981843923256075,0.9636039842845383,7067.063944275126,0.9340767773079784,0.3139641820947766,0.2727523851634819,0.2255496334680271,0.18253356423024292,0.15304955769152867,0.12743992885172148,0.09851579994454489,0.08158741817697064,0.06680056480724951,0.026488039257079907
125,0.2651429594709323,0.07450757725607782,0.0062069460705277465,0.02637952075582066,0.16148545879584092,0.0660403886871351,0.3996347988454195,1.0523565417648577,7067.184872581845,0.9341930347484547,0.3133385955959886,0.272229403311953,0.22507916805726705,0.18213172480736897,0.1527068724944478,0.12714123109103123,0.09823892163215103,0.08132562297822792,0.06657499218216309,0.02637952075582066
126,0.2649408811942125,0.07445277729423055,0.006217749701512657,0.026425436238038454,0.16116452440892384,0.06626410960414253,0.3780922133052524,1.111163379036013,7069.901127518315,0.9340406704298306,0.3135911553770631,0.27247433571806756,0.22534513629072314,0.18236561384284017,0.15293235555564091,0.12733711824912727,0.09838793198868032,0.081457697141629,0.06668024033908443,0.026425436238038454
127,0.2649945540578811,0.07444672537592305,0.006220026067952752,0.0264351107487148,0.16116264055827598,0.06630915781353419,0.34257917485503486,1.189191994658062,7062.971400669643,0.9339861188616071,0.31288737004056516,0.27202593914536766,0.2250372813571067,0.1821539384814409,0.15278522009814616,0.1272661159763406,0.09838874508445952,0.08147002778428815,0.06669628804365357,0.0264351107487148
128,0.2641153302548569,0.07403409523350415,0.006216650547275504,0.026420764747884247,0.16076874896720217,0.06624404829500359,0.34572659774031833,1.2217602394470064,7066.725717397837,0.9342541816907052,0.31339185147276727,0.2725113431612651,0.2253175404045608,0.182240686246327,0.15279086365367903,0.1272427408986694,0.0983371240915833,0.08142593301041222,0.06666611424295893,0.026420764747884247
129,0.26464582900533745,0.0740579109052162,0.0062323182816156645,0.026487352667656137,0.16112350424130759,0.06653611130684942,0.2951419932917852,1.3531492390548776,7063.610223679316,0.9342605534927312,0.3135091294517447,0.2724978311922087,0.2253664942669781,0.1823962110848654,0.15300998664819276,0.1274474249272556,0.09854289477233921,0.08161071084794544,0.06682190251273987,0.026487352667656137
130,0.2639236982925471,0.07403741658225164,0.006224208163445467,0.026452884562450013,0.16037560983018562,0.06639823803316543,0.27853261611182173,1.414835299392514,7068.328467512305,0.9342147212325435,0.3135980548330279,0.27260167061627566,0.22541031159542418,0.18237790424417663,0.15292319961083242,0.12733268090984323,0.09843908793432808,0.0815234593364782,0.06675256687752057,0.026452884562450013
131,0.2636445991613053,0.07380046092328571,0.006227469238053475,0.026466744242324716,0.1602173312788918,0.0666576780296944,0.266459124005867,1.4684777027857405,7069.118942987351,0.9341695596883585,0.31386070602979416,0.27283077531463495,0.22566384680214382,0.18260749991669323,0.15312070787062138,0.12751013672340922,0.0985722259751388,0.0816250897589184,0.06682777309264892,0.026466744242324716
132,0.2631703774843897,0.07373703983458844,0.006205604892674383,0.02637382067276008,0.15994737845855755,0.06599551123386119,0.2534923878457438,1.5355804996025977,7073.545202681433,0.9341446314102564,0.31412174877447957,0.27294228414257804,0.22563430211155405,0.1824048127665188,0.1528163676733499,0.1271602712680787,0.09823151424035921,0.08133437734220055,0.0665847328952053,0.02637382067276008
133,0.26269330643799715,0.07357784850529699,0.006197761571130309,0.026340486563660285,0.15968588925215788,0.06583365686783642,0.21812981186646135,1.6251794098033792,7072.555600568052,0.9343081743289263,0.3143411320753587,0.2731687904168398,0.2258362406557733,0.18245472144949568,0.15279215096663207,0.12708997061892308,0.09814893047669869,0.08123113905444687,0.06649522895450558,0.026340486563660285
134,0.2622868307344206,0.07337393430181038,0.006190286192790547,0.026308716308912298,0.1594922517190923,0.06559778266883158,0.19176181062421466,1.7186344684725934,7076.77127868876,0.934267819582761,0.3149171271821955,0.27351514940515104,0.22604678268288517,0.18257800148520278,0.15281414412535155,0.12704234173173432,0.09807830780144139,0.08115833506479368,0.06642335399494066,0.026308716308912298
135,0.2618785010916846,0.07322681520557228,0.006191053832011236,0.026311978789885622,0.15919357816596608,0.06575407710731467,0.1802731318605702,1.8016076003962056,7080.458014072516,0.9343854184552427,0.3154553766106511,0.27404729809079853,0.22649772383354522,0.18285270903136705,0.15298593049739306,0.12715948572307278,0.09814341684237068,0.0812003954753771,0.06645980129366393,0.026311978789885622
136,0.2612887639484126,0.0730996643339758,0.006172264143210518,0.026232122610776853,0.15885184617924603,0.06536692006329259,0.16932179446540255,1.87758013846919,7085.205807864011,0.9341910226004464,0.3157244392912903,0.2741321174653022,0.2265245964402681,0.18281335604714824,0.15289401792453758,0.12701409476580638,0.09797005075620208,0.08102186883871372,0.06629746562832005,0.026232122610776853
137,0.2607406814456423,0.07290982996751537,0.006168321593777164,0.026215366708735626,0.15845431968733503,0.06525087887387136,0.14231641315803914,1.99838654869219,7085.748167603881,0.9342859289148352,0.31601057389935294,0.27441092768868247,0.22665652327048472,0.18287242785259916,0.15290887386370927,0.1269944790245849,0.09793064616374918,0.08098960164320337,0.06626181608072786,0.026215366708735626
138,0.2602864114137796,0.07269881227677995,0.006181263651412267,0.026270370466477705,0.15812051522753615,0.06552700583751385,0.1335095293767027,2.0331871120682186,7080.690539684924,0.9342478098886791,0.3162856210609932,0.27461275234545546,0.22683173991166627,0.1829883554206663,0.15297589489282706,0.12708504770919954,0.0980573608215912,0.08111150486347003,0.06636396371128359,0.026270370466477705
139,0.26050115532272466,0.07271613370313312,0.006201307530661588,0.026355557000407807,0.158168606760301,0.065928209764071,0.1178481231418851,2.1237743708587358,7076.3578699132895,0.9341945997524611,0.31628446717620334,0.27469260952411556,0.2269407692791778,0.18313414254140503,0.15319179143115277,0.12733567111712674,0.0983208868611645,0.0813497360863965,0.0665595060889865,0.026355557000407807
140,0.2603560729232027,0.07258952545486527,0.006210651433763978,0.026395268502880584,0.15807391446588676,0.066093753886856,0.1019122224184258,2.262039329297158,7078.9235920329675,0.9340688405019459,0.31586423401649183,0.2743227738382179,0.22669885332112785,0.1830468184072456,0.15315978766688498,0.12734399542157904,0.09837171009608678,0.08141895543251719,0.06662835014963543,0.026395268502880584
141,0.2599592369882178,0.07252891181589483,0.006184834744713027,0.02628554765735463,0.1579227355537397,0.06546780553683912,0.08638567195594611,2.3035779031600816,7077.478173112695,0.934149661780277,0.315430251178724,0.27389822392673285,0.22616017541605912,0.18246108301720776,0.15260061668061511,0.12685104407670297,0.09796929198416161,0.08109067351772235,0.0663591388258196,0.02628554765735463
142,0.25927234209064165,0.07225389878228033,0.006179044093943505,0.026260937308217144,0.15751013940288908,0.06551962240766256,0.07523898150040102,2.4150698540302424,7076.84012634501,0.9341219388521634,0.3156130741258244,0.2740322660941344,0.22630242651307975,0.18255758356480373,0.15265636118777068,0.12686455798345608,0.0979483513222946,0.08106470511946486,0.0663329526822973,0.026260937308217144
143,0.2591277643110289,0.07222946396186239,0.0061997737234028485,0.02634903831891852,0.1573203859693838,0.0658484999868241,0.0627440195287588,2.5124838273876753,7076.721359532395,0.934216062664549,0.3158528437981239,0.27436908244431674,0.2267110859190588,0.18301088848720976,0.15309328654091872,0.12724889008389725,0.09826488120160697,0.0813146421733575,0.06652863176996673,0.02634903831891852
144,0.2583598084611334,0.07198228760052731,0.0061578387147218205,0.026170814471257912,0.1570513074869638,0.06493859173177363,0.05684405444209095,2.5871668390301994,7083.772020947802,0.9342652485047505,0.3157895015818732,0.27432912555369704,0.2265194512821816,0.18264264449640943,0.15262441680981562,0.1267469018670447,0.09775971183246308,0.08084799661795734,0.0661230294422789,0.026170814471257912
145,0.2587077029513352,0.07212431745214777,0.0061853607782186605,0.026287783261374896,0.1570171010799897,0.06550208846919048,0.052677678715660675,2.655722533553948,7084.600440168555,0.9342950953668727,0.31609503335350164,0.27458147611810174,0.22684202515161955,0.18305273004722245,0.1530691608513668,0.12717368905415466,0.09812886046839285,0.08116565445513078,0.06639149030431724,0.026287783261374896
146,0.25828367864692603,0.07184824390480152,0.006173633024499039,0.02623794035433413,0.1569646574802451,0.06533320693660787,0.04064252399321349,2.7622375909116244,7090.0374107500575,0.9342719556647779,0.3169192679963269,0.2752634207189301,0.22723818245606545,0.1832333811091416,0.15309949745952864,0.12712507798667355,0.0980504521547438,0.08105899053779277,0.06627923111011694,0.02623794035433413
147,0.25806529145865215,0.07181397358794789,0.006163065398500843,0.026193027937232136,0.1568854013150865,0.06506956821041447,0.041050153262770374,2.8865373645612333,7090.0548431061125,0.9342045487065018,0.31637837855152157,0.2749962682798232,0.2271180015343886,0.18311475531194674,0.15299426379439596,0.12700368873365633,0.09792262486322022,0.08095905351223963,0.06619494127266573,0.026193027937232136
148,0.25771340872451065,0.07166839085328273,0.006164273885061671,0.02619816396289911,0.15670152759049838,0.06507020576723985,0.03652272872302055,2.9109139110715616,7091.567313952323,0.9344106820913461,0.31714739784216267,0.27550985852440635,0.22741661534641253,0.18328704201913143,0.1530931070174053,0.12704806044806927,0.0979523632143225,0.08097082077638133,0.06619254681844633,0.02619816396289911
149,0.256779398728203,0.07134143915368524,0.0061636947457006565,0.02619570261379192,0.15602343128277704,0.0651444337388753,0.023576340124706333,3.0576197062601973,7089.395508706788,0.9342318244906136,0.31737541137160835,0.275740962543767,0.2276178410911298,0.18346099503638544,0.15321915132767988,0.127157873859554,0.09800746950965661,0.0809884807129046,0.06619083132908676,0.02619570261379192
150,0.2569675197203954,0.07148388733630215,0.006162403020052574,0.02619021282882699,0.1561512392246243,0.06509458382815232,0.0221287960532222,3.1657843426784207,7093.487750042926,0.9343218122209821,0.3172140976229867,0.27569646931393244,0.22765302379707714,0.18351113569714647,0.1532371306976119,0.12712337502411433,0.0979729107557199,0.08097208264000687,0.06618350128141734,0.02619021282882699
151,0.2569434777884693,0.07129385232952706,0.0061650945695847165,0.026201651871695625,0.1562753269796843,0.06524064466220773,0.01888227271088382,3.2432178481048717,7092.87798781622,0.9343573601691277,0.31733077185931224,0.27570872188924433,0.22761409071993915,0.18345815287186548,0.15319946697561732,0.1271115241797416,0.0979853250059016,0.08098787716129324,0.066199930336995,0.026201651871695625
152,0.25661062187218403,0.0713043087213249,0.006165500946902421,0.02620337900088165,0.15603589618599023,0.0651718292098779,0.010938071360801304,3.260069443192674,7092.46285485348,0.9342768742487981,0.3174424042631855,0.2758248936889809,0.22770280852204278,0.18348740355108248,0.15322821993967553,0.12713100694310972,0.0980124318692492,0.08103136404420867,0.06624066472844982,0.02620337900088165
153,0.2560258923924013,0.0710212098018372,0.006178131599095224,0.02625705924007919,0.15557853899377605,0.06537818772233886,0.010885416301279802,3.351415950791303,7090.104639745021,0.9343428279890682,0.31754306526411147,0.2760039001921594,0.22789962857197493,0.1836571644841533,0.15341814989462876,0.12728195173508955,0.09809799566046222,0.08108473966246123,0.06629051169169037,0.02625705924007919
154,0.2552971642041381,0.07086453667326724,0.006142596429343516,0.02610603477737624,0.15529846067066158,0.06467807095757117,0.008069096055907467,3.4271083510729854,7092.404188666152,0.9343807234432234,0.3173547068904171,0.27575098556694966,0.22753146097009436,0.18326685755025773,0.15298114924422113,0.12685175527965192,0.09768894735055092,0.08072056049556085,0.06597564316221646,0.02610603477737624
155,0.25556149298236486,0.07090724553680901,0.0061637626512269506,0.02619599119415541,0.1553201600363403,0.06508962022679629,0.006014773735295664,3.5584055936380183,7094.762928721669,0.9343537830171131,0.3177832285344819,0.27633044996977724,0.22811104646532526,0.1837712940606442,0.1533826851582789,0.12717751457250162,0.09796567832976034,0.0809610403746694,0.06618068528944974,0.02619599119415541
156,0.2553408703469968,0.07083090098622517,0.006168184295337606,0.026214783226614035,0.15534967527939722,0.06522207247987116,0.0038349700239100806,3.550494683967842,7088.935434194712,0.9341979533324748,0.31777466735342047,0.2763687049076234,0.22814738283773045,0.18381748689618302,0.1534624768919124,0.12725578226667622,0.09802768327595987,0.0810116775361173,0.06623342439477697,0.026214783226614035
157,0.2549933047740014,0.07062517932101046,0.006145500432147266,0.026118376786946812,0.15529049373480863,0.06460054578334638,0.003488987726196573,3.688297707955916,7094.231637584421,0.9343064975389194,0.3174893875152637,0.27598684223798603,0.22773248213769753,0.1834126883101114,0.1530697531042955,0.1268966019754008,0.09771773702168203,0.08073727135638614,0.06598912954548776,0.026118376786946812
158,0.2551178296570813,0.07068625170287195,0.00615724541192308,0.026168292872744164,0.1553298376309566,0.06491366942368802,0.0031811919389374906,3.743761119825063,7092.95211713742,0.9342295887706044,0.31764349123060487,0.2761290391067882,0.22794288181232444,0.18365458933970866,0.15330614275111384,0.127085300469464,0.09788225941878535,0.08088654276979712,0.06611647190109933,0.026168292872744164
159,0.2539631346097359,0.07036011754074595,0.006139334089944869,0.026092169823418387,0.1546593557074393,0.06453529015974903,0.0025854121560607173,3.834610118097438,7093.114323095524,0.9343318729610234,0.31764051465542764,0.27617477682920605,0.22789329413201784,0.18354300262181314,0.15312606150850708,0.1268778860760041,0.09766478223842143,0.0806844494281671,0.06594400066923309,0.026092169823418387
160,0.25402931770780585,0.070358759515506,0.006143656885080831,0.026110541767989978,0.15470196740640388,0.06468876672315073,0.0013512505582726625,3.879465407176769,7089.973577366643,0.9341747018443796,0.3174221400485371,0.2760196360912952,0.22778907647499672,0.18349805654405238,0.1531583826183836,0.12692228797482047,0.0977193394286947,0.0807364968235021,0.06599366288946007,0.026110541767989978
161,0.25377796311954876,0.07029818374349739,0.0061405257478820315,0.026097234358990584,0.15452661054147468,0.06457562559717522,0.0010223074638269108,3.851088691543747,7091.1523213928,0.9342054429945055,0.3174044831004335,0.2760425475818334,0.22780182174383065,0.18344531983355464,0.15307347037089178,0.1268410141760613,0.09763739960807147,0.08067049383571297,0.06595042041560888,0.026097234358990584
162,0.25375193966068194,0.0702733023453763,0.006146541499829555,0.026122801292401094,0.15462747912158023,0.0647212464580715,0.0006712204159556302,3.902147207941328,7093.576045780392,0.9343066093249198,0.31783278919619956,0.2763016660571535,0.2279980794523225,0.18361674159110247,0.1532168733058395,0.12695622412767602,0.09774046919339306,0.08076725056865713,0.06602485890708346,0.026122801292401094
163,0.2541266286766136,0.07032496823959954,0.006171599495303118,0.026229297749070457,0.15479445703082031,0.06523605451096982,0.0005946959681936445,4.023439477214883,7094.435065748054,0.9344671340215773,0.31833176685995235,0.2768163771638067,0.22855200722213193,0.18411264153736415,0.15365886483546143,0.1273602544715553,0.0980710618525416,0.081042746757413,0.06625489429348991,0.026229297749070457
164,0.2529494197486521,0.0699245287276013,0.006131202118102829,0.026057608920275727,0.15432005391998604,0.06431317623472695,0.000388726790564236,4.112072404051002,7092.693976433722,0.9344249906994048,0.3178894969569894,0.2763618229728042,0.22798898152925157,0.18353823788000115,0.15309870690653177,0.1268000831561429,0.09756303515844729,0.08060176418104888,0.06587838383575717,0.026057608920275727
165,0.253262477125222,0.07005100697278976,0.006140624974673484,0.026097656043430607,0.1544996793398927,0.06450856337153213,0.0002187633397916827,4.172208547810495,7094.374606513278,0.9342670370807578,0.3182758721676502,0.2767979765768016,0.2283101886128768,0.18376541394235452,0.1532375787695249,0.12689605050962485,0.0976352613596689,0.08067455528911217,0.06595871967328337,0.026097656043430607
166,0.2527239618775172,0.06987604696726624,0.006141526073613119,0.026101485778314944,0.15421432379510377,0.06456813109090258,0.00014378463646921665,4.138528431291546,7092.880171667525,0.9342177394545559,0.31859922611014746,0.27690528125771674,0.22843859893280072,0.18389917593517582,0.15335508487818442,0.12700873195797532,0.09771050705195783,0.08071576979952855,0.06597739490151623,0.026101485778314944
167,0.2525219529212176,0.06976394290479766,0.0061446743328192515,0.026114865813417966,0.1540719339753682,0.06453243976001774,0.00017417354580151194,4.253332120594961,7097.13919145633,0.9343826238052312,0.31899332312437206,0.27717479102777476,0.22858210472942708,0.18394956770506535,0.15336127781169318,0.12699584268552044,0.09768744002713825,0.08068414780246469,0.0659587341377805,0.026114865813417966
168,0.2518378971588044,0.0696246629655907,0.006124684046408087,0.026029907235186615,0.15370056800025722,0.06423786049879296,6.015603673123878e-05,4.228356746090201,7097.715414305746,0.9341625171703297,0.31879355046120317,0.2770296837929841,0.22849153544439937,0.18386685971047853,0.15324522936955476,0.12685140682172863,0.09753788178002004,0.08053138601037609,0.065815077248565,0.026029907235186615
169,0.25226728517166425,0.06967215248871417,0.00612155690059175,0.02601661677079978,0.1541264763190633,0.06416241527149529,6.862247655371617e-05,4.33757621377379,7097.781280405792,0.934266366364755,0.3188995500623962,0.2772015299334194,0.22862408340195597,0.18394332329978,0.1532842407733093,0.12684097136933725,0.0975052052528867,0.08050125305141721,0.0657845517968411,0.02601661677079978
